state,hpop,owner_occ_rate,gap_pp,rent_to_income,rent_to_income_18_64,price_to_income,avg_annual_rent,avg_personal_income,avg_annual_rent_18_64,avg_renter_income_18_64,avg_adult_income,avg_property_value,avg_owner_income,pct_multifamily,pct_singlefamily,sf_detached,sf_attached,mobile
AL,59.69203379032918,70.74917165486461,-11.057137864535434,0.4489822429085105,0.44991875221696864,4.5680557662218435,14722.335764933014,32790.4633144545,14934.157263356876,33193.009159473826,47825.85695116594,298396.5554424427,65322.44147475483,11.175626590391396,77.42448907911928,75.47548872428271,1.9490003548365669,11.099689505129165
AK,56.857623076273015,66.77589327417095,-9.91827019789794,0.44433041625489994,0.4432849237456224,5.162682879047784,20397.85330461399,45906.94797925405,20799.604929982735,46921.52567299699,63182.588869379055,427832.530933014,82870.19384230013,19.179710607611337,77.2238236978751,68.34805960619349,8.875764091681612,3.4392811200105164
AZ,55.759434289636104,67.73855985622703,-11.979125566590923,0.5136145258248257,0.5095489059683949,6.909059983221618,21935.136786903004,42707.391796750395,22098.52474947486,43368.80030676689,55444.624900544,522948.54414379434,75690.25966104715,16.184796662493927,75.75960565470452,71.0242747187685,4.735330935936026,7.7041622004645705
AR,58.915865548126256,67.00019971878953,-8.084334170663276,0.4343311407342551,0.4384469788734129,4.342348119938735,13754.58288802002,31668.424384139988,13979.752504776116,31884.704829525825,45385.974046055526,267303.12017734273,61557.275647700495,12.956826032536336,76.93718759842938,74.93474145920047,2.0024461392289075,9.87553977749058
CA,41.9957246343398,55.887338447056614,-13.891613812716813,0.5754397748548984,0.567417714245206,10.201209755671469,28445.416716829797,49432.482702473135,29155.742520945758,51383.208153325795,64111.86387714096,1018017.0136165329,99793.75368206263,26.02243704467671,70.79230274949668,63.28401358908123,7.508289160415449,3.0658631226158817
CO,58.334359209574075,66.02778028685167,-7.693421077277591,0.4910166267809981,0.487934976464921,7.633901714786042,24162.483493321182,49209.0943064909,24519.21035398561,50250.97920142309,68890.6088469115,701897.2559023716,91944.75932836188,21.194574286601338,75.46758862110335,67.99242329997523,7.47516532112811,3.266310620902129
CT,55.62715088324909,66.58141124972943,-10.95426036648034,0.48270590645007344,0.48358682351835547,5.8120141386426045,21562.179005536294,44669.39127409762,22234.527304844825,45978.35636437863,71054.34443368147,583705.1649407736,100430.78888261238,27.992250656052413,71.39368428468272,65.09544021557267,6.298244069110058,0.6140650592648691
DE,60.09308215303707,74.02183825526795,-13.928756102230885,0.5000115842610598,0.49358217837925966,5.780783695949707,19722.982125310515,39445.05036709909,20212.563354252492,40950.756003028786,56577.133106497226,430187.67795883364,74416.84390651801,13.350282645319695,80.16145201287395,65.69518969200433,14.466262320869616,6.461516186306642
DC,35.978128275014335,40.9111038315013,-4.932975556486966,0.4013370106454994,0.39706642470767284,6.481338149232072,27634.960318928137,68857.24362794457,28531.296960836942,71855.22417777372,97568.15517940307,982948.0696946593,151658.19882598193,60.397382417060996,39.60261758293901,13.840012105293637,25.762605477645373,0.0
FL,54.269378423695045,68.1171418223211,-13.847763398626057,0.6078336796935369,0.6017075620040081,7.162986079389314,24289.081079923453,39960.07771759167,24599.14149271543,40882.22094265714,54159.28068468684,536882.5997371352,74952.34442545609,22.972387862779627,70.27008962630997,63.00505275549715,7.2650368708128275,6.592143993315738
GA,53.997656087713985,66.47146318972764,-12.473807102013659,0.49694503790477823,0.4910816817541906,5.491840803615693,19790.405261968033,39824.13295725504,20156.520974572428,41045.14935798748,54828.69001016013,426013.7472466628,77572.12244138356,15.838704550987234,76.94448594337112,72.6285684695586,4.315917473812523,7.0936618540477125
HI,43.93556770980307,61.651502278206884,-17.715934568403817,0.557054753966461,0.5588335552365618,13.036549165679114,26763.984550848596,48045.51861424379,27858.75400684438,49851.61278486829,59385.52163769598,1080985.1550418613,82919.57797296041,26.96754120930968,72.95328443275751,61.83373564571587,11.119548787041648,0.05365163641984518
ID,60.75109340857286,71.4768759310265,-10.725782522453635,0.49629009266645546,0.49730556707988655,7.772539181149703,18401.6118575752,37078.33811210589,18697.58129257291,37597.77193398954,52742.9032298902,542215.9778480487,69760.46890352824,12.822526068409163,80.70981492018706,77.13717185116849,3.572643069018575,6.158036679270185
IL,57.28450092588007,67.72549699389573,-10.440996068015664,0.44108372226421166,0.43711778565629955,4.401026534603866,19131.167520193794,43373.09801864353,19681.033249079894,45024.55378138023,59927.75076615522,357644.28181044455,81263.83219878403,26.907332464616502,71.22024437644222,65.0029355669261,6.217308809516128,1.846355489037502
IN,61.884275473003555,70.7735768232108,-8.889301350207248,0.42946600166649795,0.4278576007517515,4.4825656138000936,15004.439639539192,34937.43295468333,15264.278141274875,35676.07099758269,50712.51800113974,297659.73536380276,66403.87693320608,13.715309704377972,82.64601990150766,78.92932371653374,3.716696184973915,3.584139358123297
IA,65.63203661744375,71.35223131342003,-5.720194695976289,0.3998845074895389,0.39189834613335894,4.308649261431549,14154.45504047569,35396.35763670083,13847.225965733569,35333.71881345348,51967.89376864606,277637.0529491901,64437.14401040505,14.790822272573417,82.15417491640473,77.86248820800154,4.291686708403194,3.0368979244839793
KS,61.73972390484573,68.12546289684582,-6.3857389920000855,0.3871145863096344,0.38832939391679594,4.096866546881972,15038.759369541887,38848.3407791643,15130.877035764637,38964.02711922086,55034.27142677335,293245.1862202104,71577.92006756783,14.155363389878875,82.40837382307862,77.78902135304891,4.619352470029712,3.2754549217703133
KY,59.62472758537879,68.22477150285454,-8.600043917475745,0.4174254182330235,0.4123929504078807,4.452650248290115,13698.443646913522,32816.50577221559,13848.932492699658,33581.884653950205,46665.47882429862,276727.2564034364,62148.88683648663,14.515879060219891,75.61482491738846,72.6919967242169,2.9228281931715507,9.731984279253847
LA,58.18567680921245,68.21330737300396,-10.027630563791504,0.458203352794545,0.45667428214342815,4.3346605301038865,14493.201411119251,31630.500568637035,14712.543261182018,32216.710764021598,46403.37635211802,276205.84292677866,63720.293898115015,13.34983577656235,75.26004974762807,72.63912690802783,2.620922839600237,11.233305122692842
ME,66.89230967179307,73.61179512935665,-6.719485457563579,0.4495599294163442,0.4516101699721062,6.1703933421772765,17446.97941523535,38809.0180499104,18520.943239826534,41010.90823745286,55238.87159078319,421392.0832549613,68292.58037320996,17.331026866290436,74.20530535074144,71.62089473289181,2.5844106178496244,8.36797203646982
MD,54.7727235548822,67.89861726204977,-13.12589370716757,0.4863961279930452,0.48607179470835515,5.647802819587182,23128.06585628268,47549.85602314124,23612.88341551679,48579.00349820669,68880.43374149934,541323.0430034684,95846.66113450393,19.420413501398233,79.3522572028863,58.74159371396669,20.61066348891962,1.2095027052375362
MA,52.17916484991262,62.26351752486388,-10.084352674951262,0.49700910662410797,0.49931036297899334,7.1652463782930385,25386.609357705627,51078.76097108564,26682.611527410445,53438.92998378049,72922.12468030553,730107.4961059826,101895.65823135234,37.05820337666788,62.221078540898844,56.10456477080699,6.116513770091854,0.699784737241325
MI,62.537408936252824,73.61748859798135,-11.080079661728526,0.46074403229995353,0.4663168190760539,4.6183857112614195,16164.83377830682,35084.19565982179,16395.677814162307,35159.95379846734,52207.88902164584,318577.3533703366,68980.239695771,13.7248265574072,81.78325295542092,77.15213137701669,4.631121578404226,4.4515101511172865
MN,64.76027206888057,72.0625189077808,-7.302246838900231,0.4323467319669982,0.4274155204135251,5.0640984666214734,18136.778526613576,41949.614014887455,18112.9381489939,42377.820373648596,61911.76471916389,396674.3182542769,78330.68824961438,18.9842688589198,78.59885853319527,71.69016832849393,6.9086902047013385,2.3637545285907717
MS,59.53712609637728,70.85461129425242,-11.317485197875143,0.43918506616576874,0.4424266431936874,4.177642906689765,13360.438835354355,30420.977088304517,13623.191556539883,30791.978209539848,43278.13324952515,242664.78003280555,58086.53000097743,10.278787357171666,75.9331023877551,74.55296831601852,1.3801340717365738,13.658598221075074
MO,60.913653650833666,68.77311759705343,-7.859463946219762,0.4094800872378698,0.4090884842849207,4.526512056554593,14897.139734316135,36380.62069099415,15071.810242154164,36842.4211903677,52376.47827504292,310820.1107999647,68666.5818883401,14.356101244533784,80.80052191834646,76.86217775937318,3.938344158973278,4.680764534123272
MT,60.60767372343475,68.9693700224954,-8.361696299060647,0.42094848730229484,0.41998278721021803,8.18073989265559,17279.073064106447,41047.9514366276,17497.85028705554,41663.25578075935,53858.46121507446,560934.8998872779,68567.74659109594,13.85214910664319,76.84779493059253,71.37652475783592,5.471270172756598,9.009777559386503
NE,62.24037705780733,66.70610779198873,-4.465730734181399,0.4085822694637772,0.41254800732083147,4.4786650258713365,15085.486049007333,36921.538638486454,15195.635010541911,36833.616308621575,54203.583480452435,312990.3224191392,69884.73587801894,17.41071730540032,80.23476826881061,76.33262851445555,3.9021397543550633,2.2925552998726997
NV,46.532795449017755,59.9886514610235,-13.455856012005746,0.5713067959673656,0.574377394887916,7.154569721076979,22669.84003011448,39680.67628484755,22991.40029632201,40028.38639011647,53743.49933065701,562157.5616975791,78573.21734408333,20.92263636660114,74.11903892798247,68.67329421661724,5.4457447113652355,4.777108980512237
NH,61.472367231421586,72.56779986227127,-11.095432630849686,0.464702912612591,0.4562291389054525,6.2939854191596165,21308.183743003163,45853.346653687026,21706.017906997247,47577.00912982573,65319.0465867031,532495.6074395318,84603.88322771671,21.464941491056535,73.95162737063637,68.82590298163112,5.125724389005263,4.541482845379485
NJ,51.3939553278529,63.98632368464789,-12.592368356794992,0.5151191096811659,0.5144765215722659,6.133822058914696,24570.465236374042,47698.609456717655,25562.571346246594,49686.56542017914,68586.97914406074,605546.0285440943,98722.4641875637,31.95386224854303,67.27936842486187,58.22894626172196,9.050422163139913,0.726195169372433
NM,57.169163033100425,71.15128346951016,-13.982120436409737,0.4190784673219324,0.42028897510675167,5.366660489081644,15281.393046060568,36464.27635310009,15497.988910667302,36874.60254395413,47823.837826792915,348241.9577381314,64889.880484637,11.607587007948236,71.69132626688315,67.94033045688674,3.7509958099964122,16.255450349369674
NY,44.788780848818085,54.315329321275875,-9.52654847245779,0.47273037850463306,0.46716808521055625,6.878945212508835,24390.565363787664,51595.08775581813,25827.0571682097,55284.29271141081,64939.495130061936,634816.192201038,92283.94362651317,46.472444708580134,51.729970339841735,45.57335045506441,6.156619884777328,1.7755092548340363
NC,58.24907694770244,66.8651015611986,-8.616024613496158,0.4537407778894546,0.4498243516152741,5.657296110971266,17864.08675825661,39370.68835062662,17994.843136326424,40004.15511456582,54915.23083490795,418825.0043736955,74032.71742510753,14.464153153659526,75.32634359351025,70.47638422789383,4.8499593656164075,10.114057904382822
ND,60.123135655070456,61.13559220252615,-1.0124565474556917,0.33457055844941236,0.33363863421886375,4.015269696277968,14082.284032059186,42090.6253596383,14256.395039231787,42730.04855270966,60620.18213801469,309867.4546305261,77172.26439802132,26.42023657424971,67.97520274511872,61.61716345671283,6.358039288405888,5.59554411567062
OH,60.2478401726665,67.93334577588796,-7.685505603221458,0.42951909573127733,0.42711926104650877,4.249012647159011,15251.075939856677,35507.32922337474,15520.42453508846,36337.44939776539,52675.48704668782,297184.72667433834,69942.06686417913,16.593928080891544,80.37404647659847,75.5900890527745,4.783957423823961,2.9683593246980875
OK,56.60757641708194,65.77315833547934,-9.1655819183974,0.42094353074695384,0.41891811887841185,4.273628151976725,14310.134667858092,33995.37853085689,14493.001485888133,34596.26316639369,47434.1938508847,278257.26752969867,65110.31321267234,11.789009577684837,80.43249362397947,78.1687704913963,2.263723132583161,7.543548096131025
OR,54.149686413815424,63.20776026647251,-9.058073852657088,0.5065298311837488,0.5035200867374926,7.478996799910177,21248.337521632875,41948.83739024015,21597.27864064036,42892.58603480497,56971.27639184781,575179.0339584904,76905.90721544343,19.92912148352996,73.2426278782257,67.93444917638614,5.3081787018395605,6.525766304105832
PA,60.14766356948685,69.38033934974285,-9.232675780256002,0.43308736518150304,0.4317789357927236,4.733262181834547,17302.15402748758,39950.72453853832,17607.388094160207,40778.710202326016,57067.358860138345,354653.562109594,74927.93521362367,15.963451476092072,80.95114218875199,61.96206279736472,18.98907939138726,3.059432197776099
RI,53.20351678935209,63.278297993834734,-10.07478120448264,0.4778350247216593,0.48547689348860035,6.6435020163912215,18974.242165756208,39708.77224165134,20078.32279797515,41357.937045559134,59329.7407298251,545395.5170471262,82094.58139720523,32.98821919486466,66.39945170077934,62.47328717171682,3.926164529062517,0.5715302795470752
SC,62.00702175761595,72.22444655381058,-10.217424796194628,0.4859272479919126,0.47601625372160355,6.068211496255744,17528.037085642332,36071.31964317024,17521.715953108203,36809.070732605105,51339.692880321534,410973.1156374105,67725.57546667455,12.449550955474056,74.94359945385798,71.16320562733421,3.780393826523781,12.450362388275845
SD,64.92212382046152,68.20257813399182,-3.2804543135302993,0.35811876432630674,0.3476185254080821,4.837769112900607,13910.885817013997,38844.33657974657,13921.766946733012,40048.978777496806,55513.798031043916,332259.20830116107,68680.25334552328,16.722806976000758,76.54464782562366,71.7943784705367,4.750269355086964,6.564568262274896
TN,57.62045434763371,66.79098553346316,-9.170531185829446,0.4565939525717186,0.46030085434970575,6.013268207064002,17194.475186196003,37658.1316711487,17521.766641111513,38065.900759331744,52266.22090212811,424103.4897742881,70527.9517178493,14.71964293858982,77.49306169220024,73.57480988591428,3.918251806285972,7.57325404773236
TX,51.29382040077582,62.316087029467916,-11.022266628692094,0.481606811813116,0.47810572483034125,5.0448600754546655,19832.709071153593,41180.29185776868,19968.542134661624,41765.9548873789,55340.52117588882,408778.46128174814,81028.70152348223,19.625337080005966,73.88980934144605,71.11967787128533,2.7701314701607234,6.2720411829947285
UT,55.87645536226875,69.5984383996974,-13.72198303742865,0.5182923767116565,0.518077644301671,7.734971831753391,20826.592573557755,40183.09647094094,20938.067006843343,40414.920885201005,57485.67095473354,634409.8071012083,82018.37329217499,18.474881654042434,78.91799116800459,70.83466925706749,8.083321910937094,2.562708955357303
VT,66.82328567659216,73.70669729782733,-6.883411621235169,0.40764799524738854,0.41932497400125973,5.568749111635399,18047.02526225247,44271.10024495597,18719.46126173156,44641.89452659532,62343.69820090102,422796.8273712245,75923.12364868955,18.467101212754937,74.73326232055429,71.26992348210185,3.463338838452443,6.670640776319519
VA,56.37852716234399,67.26583310430082,-10.887305941956832,0.47112474092253415,0.4712242094911744,5.912498571543878,22343.31828944315,47425.48278337393,22654.283026582852,48075.380191193566,65645.66273965446,531290.7104531553,89858.91565542047,18.289954518734042,77.94430823383794,65.81197805097464,12.1323301828633,3.709085170386566
WA,53.80164897218659,62.769658594479935,-8.968009622293344,0.4571490309349036,0.45093475658685545,7.886657178304847,24745.353108943153,54129.72889461687,25096.228094385482,55653.78966203429,69880.6951592958,752053.015668973,95357.63995647884,22.514682584550762,71.76771949797842,67.11287882627698,4.654840671701439,5.3986846431667335
WV,65.67810773531065,75.59961935357599,-9.921511618265342,0.4165621124893276,0.4214702537057143,4.114304388547511,12251.471727588942,29410.912227171946,12452.12229299363,29544.486671384762,44279.926796622414,234155.601171412,56912.56140970087,9.128454762408682,78.64393049240627,75.96755241897228,2.676378073433999,12.126316404054853
WI,62.531624852977444,68.17901581535149,-5.647390962374047,0.40650734530328264,0.4026559815735053,5.103595409303306,16011.918791932228,39389.00238072261,16260.777410280674,40383.79697412306,54295.96430106729,349411.06088345975,68463.70702632911,21.74803551672293,75.89227146856717,71.5238192915422,4.368452177024984,2.297065222372306
WY,67.55958479975052,71.56307308127512,-4.0034882815245965,0.36314790429906313,0.3591836689900936,7.297382469574939,15085.277844218974,41540.313645306895,15499.812767056646,43152.88835552303,55826.84383213792,499257.12016386935,68415.91793296128,12.294293224038846,76.2422595447053,71.97197843809863,4.2702811066066735,11.259856550986768
