state,puma,region,name,n_adults,n_occupied_units,hpop,owner_occ_rate,gap_pp,mean_rent,mean_rent_18_64,rent_to_income,rent_to_income_18_64,mean_adult_income,sf_detached_share,multifamily_share
36,04103,NYC,Washington Heights,133400,77199,14.8313,17.5585,-2.7272,28852.02,34621.33,55.24,55.16,67549.26,1.71,97.93
36,04104,NYC,Inwood,109211,70182,16.9241,20.3015,-3.3774,42989.37,47346.49,34.95,35.21,135639.25,1.96,97.4
36,04107,NYC,Chelsea/Clinton,190976,114790,34.0079,36.0659,-2.0579,40743.81,44929.69,34.53,33.84,151596.83,1.56,96.93
36,04108,NYC,Greenwich Village,189200,117332,36.4789,37.7408,-1.2619,42307.35,44368.66,33.92,33.12,162612.38,0.52,98.62
36,04109,NYC,Central Harlem,84501,44279,13.7489,20.3799,-6.6309,21157.01,22853.77,47.98,51.18,50455.63,2.19,94.08
36,04110,NYC,East Harlem,98595,55277,11.4641,15.3554,-3.8913,21782.18,22917.9,45.73,44.49,61107.72,0.0,97.29
36,04111,NYC,Lower Manhattan,101286,58285,5.673,8.2937,-2.6207,18917.65,20312.19,47.87,47.07,44471.78,1.09,98.57
36,04112,NYC,Morningside Heights,148860,75119,8.9191,12.5654,-3.6463,20659.45,22195.58,52.69,52.1,48977.54,1.58,97.65
36,04121,NYC,Hamilton Heights,130256,79727,29.5748,34.5479,-4.9731,52949.78,56868.06,31.44,31.73,184312.49,1.24,97.28
36,04165,NYC,Washington Heights South,178009,114893,27.243,30.7521,-3.5091,45197.43,48500.2,34.64,35.23,151862.51,1.12,98.6
36,04204,NYC,Hunts Point/Longwood,101242,54359,5.0276,6.0156,-0.988,18779.43,19528.41,65.21,65.47,30802.33,2.06,97.54
36,04205,NYC,Melrose,89140,47127,2.1449,3.5203,-1.3753,19106.2,20428.08,73.14,74.95,26619.24,0.66,95.7
36,04207,NYC,Morrisania,92088,51874,5.6685,6.8242,-1.1557,18593.83,19185.12,64.93,63.25,31398.42,2.52,96.91
36,04208,NYC,Concourse,71981,40474,32.2724,38.0763,-5.8039,21994.34,22615.82,45.11,46.24,67829.31,10.03,87.47
36,04209,NYC,Highbridge,122943,65639,18.629,24.228,-5.599,18627.39,19197.38,58.14,57.27,35405.68,4.81,84.1
36,04210,NYC,Kingsbridge,102665,55842,33.0434,43.1754,-10.132,22709.53,24353.98,57.06,56.69,47021.25,19.38,68.96
36,04211,NYC,Riverdale,88867,44161,22.8566,28.7426,-5.8859,20619.04,21571.03,58.13,57.9,40742.67,12.73,76.01
36,04212,NYC,Pelham Parkway,119757,56246,25.7914,38.9183,-13.1269,19307.64,20012.62,59.51,61.13,41353.22,19.04,65.68
36,04221,NYC,Eastchester,96156,56980,4.9378,6.218,-1.2802,14466.51,15490.45,58.85,57.62,26316.86,3.06,95.04
36,04263,NYC,Fordham,121012,67517,2.9435,4.4715,-1.528,16012.15,16773.08,67.11,66.39,24448.01,2.91,96.13
36,04301,NYC,Park Slope,159993,88077,14.6488,15.835,-1.1862,35973.19,38565.16,42.27,41.62,89024.32,1.47,96.05
36,04302,NYC,Sunset Park,103224,62910,28.349,31.4878,-3.1388,41074.98,44810.9,35.58,35.34,123136.44,1.08,93.73
36,04303,NYC,Borough Park,141522,72637,14.4479,19.8521,-5.4042,29800.61,30983.61,46.37,45.55,70738.47,2.0,92.0
36,04304,NYC,Flatbush,93299,42354,12.3549,17.5709,-5.216,31172.74,32545.12,61.33,60.83,55608.5,0.33,95.73
36,04305,NYC,Crown Heights,147608,69590,16.5276,26.1604,-9.6328,20629.23,21218.26,63.09,61.13,36535.09,5.49,81.62
36,04306,NYC,Williamsburg,105203,54718,31.5932,35.9589,-4.3657,37679.49,39333.57,34.3,33.95,129488.8,1.42,83.26
36,04307,NYC,Greenpoint,86248,38590,23.3362,30.9821,-7.6459,25603.26,26794.33,53.02,51.1,59968.02,1.99,89.2
36,04308,NYC,Bushwick,95915,52552,16.5751,19.9212,-3.3461,26833.46,28838.84,42.11,41.8,73686.19,1.63,90.07
36,04309,NYC,East New York,75994,39527,15.2275,19.8826,-4.6551,22646.13,24216.23,44.52,42.32,57452.43,3.88,86.53
36,04310,NYC,Canarsie,100436,48529,30.1316,39.1807,-9.0491,23782.72,24368.72,53.16,48.64,64374.3,6.52,75.78
36,04311,NYC,Bay Ridge,146827,61132,21.7365,32.986,-11.2495,21527.66,22451.48,64.96,64.57,40073.75,5.95,75.05
36,04312,NYC,Bensonhurst,131948,56327,24.2846,32.6238,-8.3392,22674.85,23484.67,65.9,64.07,42885.28,7.64,82.47
36,04313,NYC,Bath Beach,92177,47384,18.9321,24.0545,-5.1225,17018.39,19062.92,50.81,48.7,39292.97,5.88,85.99
36,04314,NYC,Coney Island,113791,56527,19.8504,25.3401,-5.4897,23113.26,24246.66,50.33,49.73,57759.39,11.55,82.77
36,04315,NYC,Gravesend,112488,56011,35.8145,46.473,-10.6585,21171.73,23018.08,57.07,57.41,44239.92,16.91,68.69
36,04316,NYC,Flatlands,81265,40015,13.376,17.311,-3.935,16992.04,18022.67,66.46,65.86,31922.12,1.96,89.84
36,04317,NYC,New Lots,104698,52202,24.1046,34.5868,-10.4822,24100.55,24545.6,60.92,57.81,44604.53,10.61,70.26
36,04318,NYC,Bergen Beach,112311,47521,39.5313,60.7584,-21.2271,22604.36,23547.17,56.59,59.69,51994.56,18.66,57.6
36,04401,NYC,Astoria,161436,91325,16.7887,19.1503,-2.3616,27714.1,28521.39,43.31,41.37,63576.72,3.68,89.29
36,04402,NYC,Long Island City,112493,62217,20.1399,23.7138,-3.5739,30502.34,32709.46,40.43,39.01,78910.06,2.18,91.1
36,04403,NYC,Jackson Heights,126712,57851,24.7404,35.5275,-10.7871,24395.41,25128.2,76.41,73.49,41433.37,7.98,79.67
36,04404,NYC,Elmhurst,127975,54282,16.454,23.9324,-7.4784,24374.19,25278.22,72.52,71.36,36418.03,8.37,88.0
36,04405,NYC,Corona,139668,68711,31.8863,42.1534,-10.267,26989.49,27982.17,57.67,57.32,52469.28,10.49,71.91
36,04406,NYC,Flushing,100262,55269,41.4354,50.7445,-9.3091,25540.62,26966.96,41.97,41.86,67779.75,8.7,79.55
36,04407,NYC,Forest Hills,208749,95689,37.432,52.2725,-14.8404,25585.99,26867.28,55.52,51.56,48825.71,22.66,64.71
36,04408,NYC,Ridgewood,112656,54453,37.7521,50.1533,-12.4012,24025.43,24814.52,55.72,54.01,51243.67,24.07,62.22
36,04409,NYC,Rego Park,103780,43826,31.3933,46.5774,-15.184,23544.03,24815.71,65.87,64.16,43820.03,24.39,64.71
36,04410,NYC,Kew Gardens,99938,40717,44.9589,69.708,-24.7491,25114.46,25657.03,54.87,52.63,48320.73,48.17,41.24
36,04411,NYC,Woodhaven,95291,44435,51.0951,68.5271,-17.432,32118.87,33239.81,58.05,56.52,60163.12,40.74,40.62
36,04412,NYC,Jamaica,200115,89282,29.486,43.0826,-13.5965,22475.12,23458.15,60.09,59.2,41928.04,31.42,56.36
36,04413,NYC,Howard Beach,158976,64599,47.4172,75.7411,-28.3239,26162.7,26360.51,61.91,62.09,51220.1,57.62,31.08
36,04414,NYC,Ozone Park,95651,50823,31.3567,39.7615,-8.4048,17471.54,19380.99,52.6,52.5,48372.9,27.92,65.34
36,04501,NYC,St. George,143262,65546,41.0849,55.3596,-14.2747,20698.02,22052.59,58.84,59.38,47630.08,38.62,40.63
36,04502,NYC,New Dorp,108789,47171,49.3671,68.7244,-19.3573,24632.35,25401.7,47.33,47.0,54415.47,35.32,30.89
36,04503,NYC,Tottenville,132566,59551,58.2917,78.18,-19.8883,27409.54,28222.09,46.85,46.23,60603.72,36.83,25.17
